INDEX,NOMBRE_DATA_VIAJES,NOMBRE_RESULTS_5,RATIO,
1,17 DE AGOSTO S.A.,17 DE AGOSTO S.A.,100,
2,ALMAFUERTE S.A.T.A.C.I.,ALMAFUERTE S.A.T.A.C.I.,100,
3,AZUL S.A. DE TRANSPORTE AUTOMOTOR,AZUL S.A. DE TRANSPORTE AUTOMOTOR,100,
4,BERNARDINO RIVADAVIA S.A.T.A.,BERNARDINO RIVADAVIA S.A.T.A.,100,
5,BUS DEL OESTE S.A.,BUS DEL OESTE S.A.,100,
6,CIA LA PAZ AMADOR MOURE SACIFIYA,CIA LA PAZ AMADOR MOURE SACIFIYA,100,
7,COOPERATIVA DE TRABAJO 6 DE JULIO LIMITADA,COOPERATIVA DE TRABAJO 6 DE JULIO LIMITADA,100,
8,EL URBANO SRL,EL URBANO SRL ,100,
9,EMPRESA DE TRANSPORTE DEL SUR SRL,EMPRESA DE TRANSPORTE DEL SUR SRL,100,
10,EMPRESA DE TRANSPORTES EL LITORAL S.A.,EMPRESA DE TRANSPORTES EL LITORAL S.A.,100,
11,EMPRESA J.M. EZEIZA S.R.L.,EMPRESA J.M. EZEIZA S.R.L.,100,
12,EMPRESA MONTE GRANDE S.A. LINEA 501,EMPRESA MONTE GRANDE S.A. LINEA 501,100,
13,EMPRESA TANDILENSE S.A.C.I.F.I.Y DE S.,EMPRESA TANDILENSE S A C I F I Y DE S.,100,
14,EXPRESO ESTEBAN ECHEVERRIA S.R.L.,EXPRESO ESTEBAN ECHEVERRIA S.R.L.,100,
15,EXPRESO LOMAS S.A.,EXPRESO LOMAS S.A.,100,
16,EXPRESO NUEVE DE JULIO S.A.,EXPRESO NUEVE DE JULIO S.A.,100,
17,EXPRESO SAN ISIDRO S.A.T.C.I.F.I.,EXPRESO SAN ISIDRO S.A.T.C.I.F.I.,100,
18,EXPRESO VILLA NUEVA S.A.,EXPRESO VILLA NUEVA S.A.,100,
19,GENERAL PUEYRREDON S.A.T.C.I.,GENERAL PUEYRREDON S.A.T.C.I,100,
20,GENERAL TOMAS GUIDO S.A.C.I.F.,GENERAL TOMAS GUIDO S.A.C.I.F.,100,
21,GRUPO LINEA 179 S.A.,GRUPO LINEA 179 S.A.,100,
22,JUAN B. JUSTO S.A.T.C.I.,JUAN B. JUSTO S.A.T.C.I.,100,
23,LA CABAÑA S.A.,LA CABAÑA S.A.,100,
24,LA PRIMERA DE MARTINEZ S.A,LA PRIMERA DE MARTINEZ S.A.,100,
25,LINEA 10 S.A.,LINEA 10 S.A.,100,
26,LINEA 17 S.A.,LINEA 17 S.A.,100,
27,LINEA 22 S.A.,LINEA 22 S.A. ,100,
28,LINEA 71 S.A.,LINEA 71 S.A.,100,
29,MICRO OMNIBUS AVENIDA S.A.,MICRO OMNIBUS AVENIDA S.A.,100,
30,MICRO OMNIBUS MITRE S.A.,MICRO OMNIBUS MITRE S.A.,100,
31,MICRO OMNIBUS PRIMERA JUNTA S.A,MICRO OMNIBUS PRIMERA JUNTA S.A.,100,
32,MICRO OMNIBUS TIGRE S.A.,MICRO OMNIBUS TIGRE S.A.,100,
33,MICROEXPRES S.A.,MICROEXPRES S.A.,100,
34,NUEVO IDEAL S.A.,NUEVO IDEAL S.A.,100,
35,TRANSPORTE AUTOMOTORES LA PLATA SA,TRANSPORTE AUTOMOTORES LA PLATA SA,100,
36,TRANSPORTE IDEAL SAN JUSTO S.A.,TRANSPORTE IDEAL SAN JUSTO S.A.,100,
37,TRANSPORTES 270 S.A.,TRANSPORTES 270 S.A.,100,
38,TRANSPORTES ALMIRANTE BROWN S.A.,TRANSPORTES ALMIRANTE BROWN S.A.,100,
39,TRANSPORTES ATLANTIDA S.A.C.,TRANSPORTES ATLANTIDA S.A.C.,100,
40,TRANSPORTES AUTOMOTORES RIACHUELO S.A.,TRANSPORTES AUTOMOTORES RIACHUELO S.A.,100,
41,TRANSPORTES AVENIDA BERNARDO ADER S.A.,TRANSPORTES AVENIDA BERNARDO ADER S.A.,100,
42,TRANSPORTES LA PERLITA S.A.,TRANSPORTES LA PERLITA S.A.,100,
43,TRANSPORTES LOPE DE VEGA S.A.C.I.,TRANSPORTES LOPE DE VEGA S A C I,100,
44,TRANSPORTES NUEVA CHICAGO C.I.S.A.,TRANSPORTES NUEVA CHICAGO C I S A,100,
45,TRANSPORTES SAN CAYETANO S.A.C.,TRANSPORTES SAN CAYETANO S.A.C.,100,
46,TRANSPORTES SOL DE MAYO C.I.S.A.,TRANSPORTES SOL DE MAYO C.I.S.A.,100,
47,UTENOR LINEA 723 UNION TRANSITORIA DE EMPRESAS,UTENOR LINEA 723 UNION TRANSITORIA DE EMPRESAS,100,
48,YITOS S.A.,YITOS S.A.,100,
49,EXPRESO VILLA GALICIA SAN JOSE S.A.,EXPRESO VILLA GALICIA SAN JOSE S.A.,100,
50,TRANSPORTES 27 DE JUNIO S.A.C.I.F.,TRANSPORTES 27 DE JUNIO S A C I F ,100,
51,AUTOBUSES SANTA FE S.R.L,AUTOBUSES SANTA FE S.R.L,100,
52,BUENOS AIRES BUS S.A.,BUENOS AIRES BUS S.A.,100,
53,EL URBANO S.R.L,EL URBANO S.R.L.,100,
54,EMPRESA 501 S.A.,EMPRESA 501 S.A.,100,
55,EXPRESO ARSENO S.R.L,EXPRESO ARSENO S.R.L,100,
56,LA CENTRAL DE ESCOBAR S.A.,LA CENTRAL DE ESCOBAR S.A.,100,
57,LA CENTRAL DE VICENTE LOPEZ S.A.C.,LA CENTRAL DE VICENTE LOPEZ S.A.C.,100,
58,LA PRIMERA DE MARTINEZ S.A.,LA PRIMERA DE MARTINEZ S.A.,100,
59,LINEA 17 S.A,LINEA 17 S.A.,100,
60,LINEA SESENTA S.A.,LINEA SESENTA S.A.,100,
61,MICROEXPRES S.A,MICROEXPRES S.A.,100,
62,UNION PLATENSE S.R.L,UNION PLATENSE S.R.L.,100,
63,UNION TRANSPORTISTAS DE EMPRESAS S.A.,UNION TRANSPORTISTAS DE EMPRESAS S.A.,100,
64,COMPAÑIA MICROOMNIBUS LA COLORADA SACI,COMPANIA MICROOMNIBUS LA COLORADA SACI,99,
65,EMPRESA CIUDAD DE SAN FERNANDO SA,EMPRESA CIUDAD DE SAN FERNANDO S.A.,99,
66,EXPRESO VILLA GALICIA\xa0 SAN JOSE S.A.,EXPRESO VILLA GALICIA SAN JOSE S.A.,99,
67,LA VECINAL DE MATANZA SACI. DE MICROOMNIBUS,LA VECINAL DE MATANZA SACI DE MICROOMNIBUS,99,
68,MICROOMNIBUS BARRANCAS DE BELGRANO S.A.,MICROOMNIBUS BARRANCAS DE BELGRANO S. A.,99,
69,TRANSPORTE JOSE HERNANDEZ S.A.C.I.,TRANSPORTES JOSE HERNANDEZ S.A.C.I.,99,
70,TRANSPORTES AUTOMOTORES CALLAO S.A.,TRANSPORTES AUTOMOTORES CALLAO SA ,99,
71,TRANSPORTES UNIDOS DE MERLO S.A.C.I.I.,TRANSPORTES UNIDOS DE MERLO S.AC.I.I.,99,
72,UNION TRANSPORTISTAS DE EMPRESAS SA,UNION TRANSPORTISTAS DE EMPRESAS S.A.,99,
73,AUTOBUSES BUENOS AIRES SRL,AUTOBUSES BUENOS AIRES  SRL,98,
74,COOPERATIVA DE TRABAJO 3 DE JULIO LIMITADA,COOPERATIVA DE TRABAJO 3 DE JULIO LTDA.,98,
75,EMRESA MONTERREY S.R.L.,EMPRESA MONTERREY S.R.L.,98,
76,EXPRESO GENERAL SARMIENTO S.A.,EXPRESO GENERAL SARMIENTO S. A.,98,
77,EXPRESO LA PLATA BUENOS AIRES S.A.,EXPRESO LA PLATA BUENOS AIRES SA,98,
78,LA CENTRAL DE ESCOBAR SA,LA CENTRAL DE ESCOBAR S.A.,98,
79,MICRO OMNIBUS ESTE S.A,MICROOMNIBUS ESTE S.A.,98,
80,TRANSPORTE 11 DE JUNIO S.R.L.,TRANSPORTES 11 DE JUNIO S.R.L.,98,
81,TRANSPORTES DEL TEJAR S.A.,TRANSPORTES DEL TEJAR SA,98,
82,TRANSPORTES SAN JUAN BAUTISTA S.A.,TRANSPORTES SAN JUAN BAUTISTA SA,98,
83,EMPRESA DE TRANSPORTES MICROOMNIBUS SAENZ PEÑA S.R,EMPRESA DE TRANSPORTES MICROOMNIBUS SAENZ PEÑA SRL,98,SR O SRL?
84,EXPRESO LA PLATA BUENOS AIRES S.A,EXPRESO LA PLATA BUENOS AIRES SA,98,
85,MICRO OMNIBUS ESTE S.A.,MICROOMNIBUS ESTE S.A.,98,
86,MICRO OMNIBUS SUR S.A.,MICRO OMNIBUS SUR SA,98,
87,TRANSPORTE SAN CAYETANO S.A.C.,TRANSPORTES SAN CAYETANO S.A.C.,98,
88,UTENOR LINEA 722 UNION TRANSITORIA DE EMPRESAS,UTENOR LINEA 723 UNION TRANSITORIA DE EMPRESAS,98,TYPO?
89,EL NUEVO HALCON S.A.,EL NUEVO HALCON SA,97,
90,EMPRESA 501 SA,EMPRESA 501 S.A.,97,
91,EMPRESA TRANSPORTE TRATADO DEL PILAR S.R.L.,EMPRESA DE TRANSPORTE TRATADO DEL PILAR S.R.L.,97,
92,EXPRESO QUILMES S.A.,EXPRESO QUILMES SA,97,
93,LA CENTRAL DE VICENTE LOPEZ S.A.,LA CENTRAL DE VICENTE LOPEZ S.A.C.,97,
94,LA PRIMERA DE LA ESCONDIDA SRL,LA PRIMERA DE LA ESCONDIDA S.R.L.,97,
95,LINEA SESENTA SA,LINEA SESENTA S.A.,97,
96,MICRO OMNIBUS GENERAL SAN MARTIN SAC,MICROMNIBUS GENERAL SAN MARTIN SAC,97,
97,SARGENTO CABRAL S.A.DE TRANSPORTE,SARGENTO CABRAL S.A. DE TRANSPORTES,97,
98,TRANSPORTE NUEVE DE JULIO SAC.,TRANSPORTE NUEVE DE JULIO S.A.,97,SA
99,TRANSPORTES SANTA FE S.A.C.I.,TRANSPORTES SANTA FE S.A.C.E.I.,97,SACEI
100,TRANSPORTES SESENTA Y OCHO S.R.L.,TRANSPORTES SESENTA Y OCHO SRL,97,
101,TRANSPORTE 1º DE SEPTIEMBRE S.A.,TRANSPORTES 1º DE SEPTIEMBRE SA,97,
102,TRANSPORTES NUEVE DE JULIO S.A.C.,TRANSPORTES NUEVE DE JULIO S.A.,97,
103,EMPRESA ANTARTIDA ARGENTINA S.A.T.,EMPRESA ANTARTIDA ARGENTINA S.A DE T,96,
104,EXPRESO EMPALME LOBOS S.R.L.,EXPRESO EMPALME LOBOS SRL,96,
105,PILAR BUS S.A,PILAR BUS S. A.,96,
106,ROCARAZA S.A.,ROCARAZA SA,96,
107,RUTA BUS S.A.,RUTA BUS SA,96,
108,TRANSPORTE DEL SUR S.R.L.,TRANSPORTE DEL SUR SRL,96,
109,PILAR BUS S.A.,PILAR BUS S. A.,96,
110,COMPAÑIA ISLEÑA S.R.L.,COMPAÑIA LA ISLEÑA S.R.L.,95,
111,EMPRESA DE TRANSPORTES AMERICA S.A.C.I.,EMPRESA DE TRANSPORTES AMERICA SAC.E I,95,
112,EMPRESA DE TRANSPORTES SANTA RITA  SRL,EMPRESA DE TRANSPORTE SANTA RITA S.R.L.,95,
113,ERSA URBANO,ERSA URBANO S.A.,95,
114,EXPRESO PARQUE EL LUCERO S.A. DE TRANSPORTES,EXPRESO PARQUE EL LUCERO S.A. DE TRANSPORTES LINEA 741,95,
115,LA FLOR DE LUJAN SRL,LA FLOR DE LUJAN S.R.L.,95,
116,LA PRIMERA DE GRAND BOURG S.A.,LA PRIMERA DE GRAND BOURG S.A.T.C.I.,95,
117,LINEA EXPRESO LINIERS S.A.I.Y C.,LINEA EXPRESO LINIERS S.A.,95,
118,MICRO OMNIBUS O´HIGGINS S.A.T.,MICRO OMNIBUS O´HIGGINS SAT,95,
119,SAN VICENTE S.A. DE TRANSPORTES,EMPRESA SAN VICENTE S. A. DE TRANSPORTES,95,
120,TRANSPORTE LARRAZABAL C.I.S.A.,TRANSPORTE LARRAZABAL CISA,95,
121,TRANSPORTE SAPEM,BAHÍA TRANSPORTE SAPEM,95,?
122,TRANSPORTES COLEGIALES S.A.C.I.,TRANSPORTES COLEGIALES SACI,95,
123,UNION PLATENSE SRL,UNION PLATENSE S.R.L.,95,
124,EXPRESO ARSENO SRL,EXPRESO ARSENO S.R.L,95,
125,TRANSPORTE AUTOMOTOR PLAZA S.A.C.I.,TRANSPORTE AUTOMOTOR PLAZA SACI,95,
126,EL RAPIDO ARGENTINO COMPAÑIA DE MICRO OMNIBUS S.A,EL RAPIDO ARGENTINO CIA DE MICROOMNIBUS S.A.,95,
127,CIUDAD DE SAN FERNANDO S.A.,EMPRESA CIUDAD DE SAN FERNANDO S.A.,95,
128,EMPRESA DE  TRANSPORTE PARQUE COSTERO DEL SUR SRL,EMP. TTES. PARQUE COSTERO DEL SUR S.R.L,95,
129,EMPRESA TANDILENSE S.A.C.I.F.I.,EMPRESA TANDILENSE S A C I F I Y DE S.,95,
130,ESTEBAN ECHEVERRIA S.R.L.,EXPRESO ESTEBAN ECHEVERRIA S.R.L.,95,
131,LA FLOR DE LUJAN,LA FLOR DE LUJAN S.R.L.,95,
132,LIBERTADOR SAN MARTIN S.A.T.,EMPRESA LIBERTADOR SAN MARTIN S.A.T.,95,
133,LINEA EXPRESO LINIERS S.A.I.C.,LINEA EXPRESO LINIERS S.A.,95,
134,MICROOMNIBUS CIUDAD DE BUENOS AIRES S.A.T.C.I.,MICROOMNIBUS CIUDAD DE BUENOS AIRES SATCI,95,
135,TRANSPORTE SANTA RITA S.R.L.,EMPRESA DE TRANSPORTE SANTA RITA S.R.L.,95,
136,TRANSPORTE SESENTA Y OCHO S.R.L.,TRANSPORTES SESENTA Y OCHO SRL,95,
137,TRANSPORTES AUTOMOTORES 12 DE OCTUBRE,EMPRESA DE TRANSPORTES AUTOMOTORES 12 DE OCTUBRE S A ,95,
138,TRANSPORTES EL LITORAL S.A.,EMPRESA DE TRANSPORTES EL LITORAL S.A.,95,
139,TRANSPORTES UNIDOS DE MERLO,TRANSPORTES UNIDOS DE MERLO S.AC.I.I.,95,
140,VILLA GALICIA SAN JOSE S.A.,EXPRESO VILLA GALICIA SAN JOSE S.A.,95,
141,CIA ANDRADE EMPRESA DE TRANSPORTE DE PASAJEROS SRL,COMPAÑIA ANDRADE EMPRESA DE TRANSPORTE DE PASAJEROS S.R.L.,94,
142,EMPRESA DE TRANSPORTES 104 S.R.L.,EMPRESA DE TRANSPORTES 104 S.A.,94,
143,TRANSPORTES QUIRNO COSTA S.A.C.I.,TRANSPORTES QUIRNO COSTA SACEI.,94,
144,TRANSPORTES SUR-NOR C.I.S.A.,TRANSPORTES SUR NOR CISA,94,
145,NUEVO BUS DE OLAVARRÍA SRL,NUEVO BUS DE OLAVARRIA S.R.L.,94,
146,GRAL PUEYRREDON S.A.T.C.I.,GENERAL PUEYRREDON S.A.T.C.I,94,
147,TRANSPORTES SUR NOR C.I.S.A.,TRANSPORTES SUR NOR CISA,94,
148,ALMAFUERTE EMPRESA DE TRANSPORTE S.A.C.I. E I,ALMAFUERTE EMPRESA DE TRANSPORTE SACIEI,93,
149,EL PUENTE S.A.T.,EL PUENTE SAT,93,
150,MICRO OMNIBUS SUR S.A.C.,MICRO OMNIBUS SUR SA,93,
151,TRANSPORTES 1º SEPTIEMBRE S.A.,TRANSPORTES 1º DE SEPTIEMBRE SA,93,
152,TRANSPORTES RIO GRANDE S.A.C.I.F.,TRANSPORTES RIO GRANDE SACIF,93,
153,MICROOMNIBUS SAAVEDRA S.A.T.A.C.I.,MICROOMNIBUS SAAVEDRA SATACI,92,
154,EMPRESA DE TRANSP. MARIANO MORENO S.A.,EMPRESA DE TRANSPORTES MARIANO MORENO S.A.,92,
155,EMPRESA DE TRANSPORTES TENIENTE GRAL ROCA S.A.,EMPRESA DE TRANSPORTE TTE GRAL ROCA SA,92,
156,LA VECINAL DE LA MATANZA S.A.C.I. DE MICROOMNIBUS,LA VECINAL DE MATANZA SACI DE MICROOMNIBUS,92,
157,TRANSPORTES AUTOMOTORES DE PASAJEROS SIGLO XI,TRANSPORTES AUTOMOTORES DE PASAJEROS SIGLO VEINTIUNO S.A.,92,
158,4 DE SEPTIEMBRE S.A.T.C.P.,4 DE SEPTIEMBRE SATCP,91,
159,D.O.T.A. S.A. DE TRANSPORTE AUTOMOTOR,DOTA SA DE TRANSPORTE AUTOMOTOR,91,
160,TRANPORTES VEINTIDOS DE SETIEMBRE S.A.C.,TRANSP VEINTIDOS DE SEPTIEMBRE S A C,91,
161,TRANSPORTE LA UNION SA,TRANSPORTES LA UNION SRL,91,LA UNION SRL / TRANSPORTES LA UNION SRL
162,TRANSPORTES VILLA BOSCH SAC el,TRANSPORTES VILLA BOSCH S.A.C. E I.,91,
163,COMPAÑIA DE MICROOMNIBUS LA COLORADA S.A.C.I.,COMPANIA MICROOMNIBUS LA COLORADA SACI,91,
164,CARDENAS S.A. EMPRESA DE TRANSPORTES,CARDENAS S.A.,90,
165,COMPAÑÍA DE OMNIBUS 25 DE MAYO LINEA 278,COMPAÑIA OMNIBUS 25 DE MAYO LINEA 278 S.A.,90,
166,NUEVOS RUMBOS S.A.T.A.C.I.F.I.,NUEVOS RUMBOS S.A.,90,
167,SERGIO A. RIVAS S.R.L,EMPRESA DE TRANSPORTES SERGIO A. RIVAS S.R.L.,90,
168,COMPAÑIA  DE TRANSPORTE VECINAL S.A.,CIA DE TRANSPORTE VECINAL SOCIEDAD ANONIMA,90,C.O.S.A. COMPAÑIA DE TRANSPORTE VECINAL S.A. UNION TRANSITORIA
169,25 DE MAYO LINEA 278 S.A.,COMPAÑIA OMNIBUS 25 DE MAYO LINEA 278 S.A.,90,
170,ANTARTIDA ARGENTINA,EMPRESA ANTARTIDA ARGENTINA S.A DE T,90,
171,AUTOMOTORES CALLAO,TRANSPORTES AUTOMOTORES CALLAO SA ,90,
172,AUTOMOTORES RIACHUELO,TRANSPORTES AUTOMOTORES RIACHUELO S.A.,90,
173,AZUL S.A.,AZUL S.A. DE TRANSPORTE AUTOMOTOR,90,
174,CARDENAS S.A. EMPRESA DE TRANSP.,CARDENAS S.A.,90,
175,DOTA,DOTA SA DE TRANSPORTE AUTOMOTOR,90,
176,EL LUCERO S.A.,EXPRESO PARQUE EL LUCERO S.A. DE TRANSPORTES LINEA 741,90,
177,EL RAPIDO ARGENTINO,EL RAPIDO ARGENTINO CIA DE MICROOMNIBUS S.A.,90,
178,GRAND BOURG S.A.T.C.I.,LA PRIMERA DE GRAND BOURG S.A.T.C.I.,90,
179,JOSE HERNANDEZ S.A.C.I.,TRANSPORTES JOSE HERNANDEZ S.A.C.I.,90,
180,LA PAZ AMADOR,CIA LA PAZ AMADOR MOURE SACIFIYA,90,
181,LA PERLITA S.A.,TRANSPORTES LA PERLITA S.A.,90,
182,MITRE S.A.,MICRO OMNIBUS MITRE S.A.,90,
183,MONTE GRANDE S.A.,EMPRESA MONTE GRANDE S.A. LINEA 501,90,
184,MONTERREY S.R.L.,EMPRESA MONTERREY S.R.L.,90,
185,NUDO,NUDO  SA,90,
186,NUEVA CHICAGO C.I.S.A.,TRANSPORTES NUEVA CHICAGO C I S A,90,
187,NUEVOS RUMBOS S.A.T.A.C.I.F.I,NUEVOS RUMBOS S.A.,90,
188,PLAZA,TRANSPORTE AUTOMOTOR PLAZA SACI,90,
189,PRIMERA JUNTA S.A.,MICRO OMNIBUS PRIMERA JUNTA S.A.,90,
190,RIO GRANDE,TRANSPORTES RIO GRANDE SACIF,90,
191,SARGENTO CABRAL S.A.T.,SARGENTO CABRAL S.A. DE TRANSPORTES,90,
192,TIGRE S.A.,MICRO OMNIBUS TIGRE S.A.,90,
193,TRATADO DEL PILAR S.R.L.,EMPRESA DE TRANSPORTE TRATADO DEL PILAR S.R.L.,90,
194,VILLA NUEVA S.A.,EXPRESO VILLA NUEVA S.A.,90,
195,EMPRESA CINCO DE AGOSTO S.R.L.,5 DE AGOSTO SRL,89,
196,EMPRESA DE TRANSP. TTE. GRAL. ROCA S.A,EMPRESA DE TRANSPORTE TTE GRAL ROCA SA,89,
197,EMPRESA NUEVE DE JULIO S.A.T.,EXPRESO NUEVE DE JULIO S.A.,89,
198,LA NUEVA METROPOL S.A.,LA NUEVA METROPOL SATACI,89,
199,MICRO OMNIBUS GRAL PACHECO SRL,MICRO OMNIBUS GENERAL PACHECO S.A.,89,
200,MICRO OMNIBUS QUILMES S.A.C.I. Y F.,MICRO OMNIBUS QUILMES SA COM IND Y FINANC,89,
201,TRANSPORTES AUTOMOTORES  LANUS ESTE S.A.,TRANSPORTES AUTOMOTORES LANUS ESTE SOCIEDAD ANÓNIMA,89,
202,MICROOMNIBUS SAAVEDRA S.A.T.A.C.E I.,MICROOMNIBUS SAAVEDRA SATACI,89,
203,EMP.DE TRANSP. PEDRO DE MENDOZA C.I.S.A.,EMPRESA DE TRANSPORTES PEDRO DE MENDOZA C.I.S.A.,88,
204,EMPRESA MICROOMNIBUS LARROQUE LINEA 548 SRL,EMPRESA MICROOMNIBUS LARROQUEL.548,88,
205,NUDO S.A.,NUDO  SA,88,
206,TRANSPORTES LINEA 123 S.A.C.I.,TRANSPORTE LÍNEA 123 S.A.,88,
207,COMPAÑIA\xa0 DE TRANSPORTE VECINAL S.A.,CIA DE TRANSPORTE VECINAL SOCIEDAD ANONIMA,87,
208,LINEA 213 S.A. DE TRANSPORTE,LINEA 213 SOCIEDAD ANONIMA DE TRANSPORTE,87,
209,M.O.D.O. S.A. DE TRANSPORTE AUTOMOTOR,MODO S.A.,87,
210,MICRO OMNIBUS NORTE S.A.,MICRO OMNIBUS NORTE SOCIEDAD ANONIMA,87,
211,ALMAFUERTE EMPRESA DE TRANSPOR,ALMAFUERTE EMPRESA DE TRANSPORTE SACIEI,87,
212,TRANPORTE LA UNION S.A.,TRANSPORTE LA UNION LINEA 202 S.A.,87,
213,AUTOBUSES BS AS SRL- TTE LARRAZABAL SRL- UT,AUTOBUSES BUENOS AIRES SRL,86,RARO!
214,BUENOS AIRES BUS SOCIEDAD ANONIMA,BUENOS AIRES BUS S.A.,86,
215,COLECTIVEROS UNIDOS S.A.,COLECTIVEROS UNIDOS SOCIEDAD ANONIMA C U S A,86,
216,COMPAÑIA NOROESTE S.A.T.,CIA NOROESTE S A DE TRANSPORTE,86,
217,D.U.V.I. SOCIEDAD ANONIMA,DUVI S.A.,86,
218,EMP.DE TRANSP.MICROOMN.SAENZ PEÑA S.R.L.,EMPRESA DE TRANSPORTES MICROOMNIBUS SAENZ PEÑA SRL,86,
219,EMP.TRANSP.AUTOM.DE PASAJEROS S.A.C.I.F.,EMPRESARIOS TRANSPORTE AUTOMOTOR PASAJEROS S A,86,
220,EMPRESA DEL OESTE SAT,EMPRESA DEL OESTE S.A. DE TRANSPORTES,86,
221,EMPRESA LINEA 216 S.A.T.,EMPRESA LINEA DOSCIENTOS DIECISEIS S A DE TRANSPORTES,86,
222,EMPRESA LINEA SIETE SAT,EMPRESA LINEA SIETE SOCIEDAD ANONIMA DE TRANSPORTE,86,
223,FUERTE BARRAGAN S.A.T.I.C.I.,FUERTE BARRAGAN S A DE TRANSPORTE INDUSTRIAL COMERCIAL INMOBILIARIA Y FINANCIERA,86,
224,LA PRIMERA DE MALVINAS ARGENTINAS UTE,LA PRIMERA DE MALVINAS ARGENTINAS UNION TRANSITORIA DE EMPRESA,86,
225,LIBERTADOR SAN MARTIN SAT,EMPRESA LIBERTADOR SAN MARTIN S.A.T.,86,
226,LINEA DE MICROOMNIBUS 47 S.A.T.C.F.I.,LINEA DE MICROOMNIBUS 47 SOCIEDAD ANONIMA,86,
227,LOS CONSTITUYENTES S.A.T.,LOS CONSTITUYENTES SOCIEDAD ANONIMA DE TRANSPORTES,86,
228,MAYO S.A.T.A.,MAYO SOCIEDAD ANONIMA TRANSPORTE AUTOMOTOR,86,
229,MICROOMNIBUS CIUDAD DE BS.AS. S.A.T.C.I,MICROOMNIBUS CIUDAD DE BUENOS AIRES SATCI,86,
230,MICROOMNIBUS CUARENTA Y CINCO S.A.C.I.F.,MICROOMNIBUS 45 S.A.C.I.F.,86,
231,SOCIEDAD ANONIMA EXPRESO SUDOESTE,S A EXPRESO SUDOESTE SAES,86,
232,TRANSP. AUTOMOTORES 12 DE OCTUBRE S.A.C.,EMPRESA DE TRANSPORTES AUTOMOTORES 12 DE OCTUBRE S A,86,
233,TRANSP. SGTO. CABRAL,SARGENTO CABRAL S.A. DE TRANSPORTES,86,LA DEJAMOS PERO HAY RUIDO
234,TRANSPORTE ESCALADA S.A.T.,TRANSPORTE ESCALADA SA DE TRANSPORTES,86,
235,TTES.AUTOMOTORES DE PASAJEROS SIGLO XXI SA,TRANSPORTES AUTOMOTORES DE PASAJEROS SIGLO VEINTIUNO S.A.,86,
236,UNION TRANSITORIA COSA CIA TRANSPORTE VECINAL U.T.,C.O.S.A. COMPAÑIA DE TRANSPORTE VECINAL S.A. UNION TRANSITORIA,86,
237,UTENOR SA L 722,UTENOR S.A. LINEA 722 UNION TRANSITORIA DE EMPRE,86,
238,VUELTA DE ROCHA S.A.T.C.I.,VUELTA DE ROCHA SA,86,
239,EMPRESA DE TRANSPORTE PARQUE COSTERO DEL SUR S.R.L,EMP. TTES. PARQUE COSTERO DEL SUR S.R.L,86,
240,UNION TRANSITORIA COSA CIA TRANSPORTE VECINAL U.T,C.O.S.A. COMPAÑIA DE TRANSPORTE VECINAL S.A. UNION TRANSITORIA,86,
241,AUTOMOTORES LA PLATA S.A.,TRANSPORTE AUTOMOTORES LA PLATA SA,86,
242,COLECTIVEROS UNIDOS S.A,COLECTIVEROS UNIDOS SOCIEDAD ANONIMA C U S A,86,
243,COMP. DE TRANPORTE VECINAL S.A,CIA DE TRANSPORTE VECINAL SOCIEDAD ANONIMA,86,
244,COOPERATIVA 3 DE JULIO LIMITAD,COOPERATIVA DE TRABAJO 3 DE JULIO LTDA.,86,
245,D.U.V.I. S.A.,DUVI S.A.,86,
246,EMP. 4 DE SEPTIEMBRE,4 DE SEPTIEMBRE SATCP,86,
247,EMP. DE TRANSP. DEL SUR,EMPRESA DE TRANSPORTE DEL SUR SRL,86,
248,EMP. DE TRANSP. LINEA 104 S.A.,EMPRESA DE TRANSPORTES 104 S.A.,86,
249,EMPALME LOBOS S.R.L.,EXPRESO EMPALME LOBOS SRL,86,
250,EMPRESA DEL OESTE S.A.T.,EMPRESA DEL OESTE S.A. DE TRANSPORTES,86,
251,EMPRESA LINEA 7 S.A.T.,EMPRESA LINEA SIETE SOCIEDAD ANONIMA DE TRANSPORTE,86,
252,EXPRESO COOP.DE TRABAJO 6 DE JULIO LIMITADA,COOPERATIVA DE TRABAJO 6 DE JULIO LIMITADA,86,
253,GENERAL PACHECO S.R.L.,MICRO OMNIBUS GENERAL PACHECO S.A.,86,
254,GENERAL SAN MARTIN S.A.C.,MICROOMNIBUS GENERAL SAN MARTIN SAC ,86,
255,LA PRIMERA DE MALVINAS ARG UTE,LA PRIMERA DE MALVINAS ARGENTINAS UNION TRANSITORIA DE EMPRESA,86,
256,LANUS ESTE S.A.,TRANSPORTES AUTOMOTORES LANUS ESTE SOCIEDAD ANÓNIMA,86,
257,LARROQUE LINEA 548 S.R.L.,EMPRESA MICROOMNIBUS LARROQUEL.548,86,
258,LINEA 213 S.A.T.,LINEA 213 SOCIEDAD ANONIMA DE TRANSPORTE,86,
259,LINEA 216 S.A. DE T.,EMPRESA LINEA DOSCIENTOS DIECISEIS S A DE TRANSPORTES,86,
260,LÍNEA DE MICROOMNIBUS 47 S.A.,LINEA DE MICROOMNIBUS 47 SOCIEDAD ANONIMA,86,
261,M. MORENO S.A.,EMPRESA DE TRANSPORTES MARIANO MORENO S.A.,86,
262,M. OMNIBUS BCAS DE BELGRANO SA.,MICROOMNIBUS BARRANCAS DE BELGRANO S. A.,86,
263,M.O.D.O S.A.,MODO S.A.,86,
264,MAYO S.A.T.A,MAYO SOCIEDAD ANONIMA TRANSPORTE AUTOMOTOR,86,
265,NUEVA METROPOL S.A.T.A.C.I,LA NUEVA METROPOL SATACI,86,
266,OHIGGINS S.A.T.,MICRO OMNIBUS O´HIGGINS SAT,86,
267,P.MENDOZA CISA,EMPRESA DE TRANSPORTES PEDRO DE MENDOZA C.I.S.A.,86,
268,TRANSP. 22 DE SEPT. SAC,TRANSP VEINTIDOS DE SEPTIEMBRE S A C,86,
269,TRANSP. SANTA FE,TRANSPORTES SANTA FE S.A.C.E.I.,86,
270,TRANSPORTE LOPE DE VEGA,TRANSPORTES LOPE DE VEGA S A C I,86,
271,VILLA BOSCH S.A.C.E I,TRANSPORTES VILLA BOSCH S.A.C. E I.,86,
272,COMPAÑIA\xa0 DE TRANSPORTE VECINAL S.A.,CIA DE TRANSPORTE VECINAL SOCIEDAD ANONIMA,86,
273,EXPRESO VILLA GALICIA\xa0 SAN JOSE S.A.,EXPRESO VILLA GALICIA SAN JOSE S.A.,86,
274,COMPAÑIA  DE TRANSPORTE VECINAL S.A.,CIA DE TRANSPORTE VECINAL SOCIEDAD ANONIMA,86,
275,COMPAÑIA DE TRANSPORTE VECINAL S.A. ,CIA DE TRANSPORTE VECINAL SOCIEDAD ANONIMA,90,C.O.S.A. COMPAÑIA DE TRANSPORTE VECINAL S.A. UNION 
276,COMPAÑIA  DE TRANSPORTE VECINAL S.A.,CIA DE TRANSPORTE VECINAL SOCIEDAD ANONIMA,90,C.O.S.A. COMPAÑIA DE TRANSPORTE VECINAL S.A. UNION TRANSITORIA
277,COMPAÑIA DE TRANSPORTE VECINAL S.A.,CIA DE TRANSPORTE VECINAL SOCIEDAD ANONIMA,90,C.O.S.A. COMPAÑIA DE TRANSPORTE VECINAL S.A. UNION TRANSITORIA
278,COMPAÑIA DE TRANSPORTE VECINAL S.A.,CIA DE TRANSPORTE VECINAL SOCIEDAD ANONIMA,90,C.O.S.A. COMPAÑIA DE TRANSPORTE VECINAL S.A. UNION 
279,EXPRESO VILLA GALICIA  SAN JOSE S.A.,EXPRESO VILLA GALICIA SAN JOSE S.A.,100,
280,EXPRESO VILLA GALICIA  SAN JOSE S.A.,EXPRESO VILLA GALICIA SAN JOSE S.A.,100,